{
    "logreg_v1": {
        "f1": 0.8931732933233308,
        "auc": 0.7089966266648349
    },
    "xgb_v1": {
        "f1": 0.886762360446571,
        "auc": 0.6943973848195545
    },
    "lgbm_v1": {
        "f1": 0.7852299798424043,
        "auc": 0.6947929042830242
    },
    "best_model": "XGBClassifier",
    "saved_at": "2025-11-09T04:39:33.311510"
}